Title,Price,Date
Gucci,"2,600
",2025-03-17
Gucci,"2,600
",2025-03-17
Gucci,"2,600
",2025-03-17
Gucci,"2,600
",2025-03-17
Gucci,"2,600
",2025-03-17
Gucci,"2,600
",2025-03-17
Gucci,"2,600
",2025-03-17
Gucci,"2,600
",2025-03-17
Gucci,"2,600
",2025-03-17
Gucci,"2,600
",2025-03-17
Gucci,"2,600
",2025-03-17
Gucci,"2,600
",2025-03-17
Gucci,"2,600
",2025-03-17
Gucci,"2,600
",2025-03-17
Gucci,"2,600
",2025-03-17
Gucci,"2,600
",2025-03-17
Gucci,2600,2025-03-17
Gucci,2600,2025-03-17
Gucci,2600,2025-03-17
